Username,Last Name,First Name,Email,
ajensen008,Jensen,Amber,ajensen008@worldclass.regis.edu
apochampally,Pochampally,Abhilash Reddy,apochampally@worldclass.regis.edu
chamel,Hamel,Chandon,chamel@worldclass.regis.edu
demostudent,Faculty Impersonate,Demo Student,demostudent@worldclass.regis.edu
edisasa,Disasa,Etana,edisasa@worldclass.regis.edu
gdonovan003,Donovan,Grace,gdonovan003@worldclass.regis.edu
jbishwakarma,Bishwakarma,Jonish,jbishwakarma@worldclass.regis.edu
scard659,Scardino,Matthew,scard659@worldclass.regis.edu
sjohnson047,Johnson,Reed,sjohnson047@worldclass.regis.edu